{
  "games": {
    "cn04_01": {
      "cached_input_cost_usd": 198.166976,
      "cached_input_tokens": 792667904,
      "estimated_cost_usd": 258.616526,
      "input_cost_usd": 39.33189,
      "input_tokens": 808400660,
      "output_cost_usd": 21.11766,
      "output_tokens": 1407844,
      "threads": 3
    },
    "cn04_02": {
      "cached_input_cost_usd": 183.534464,
      "cached_input_tokens": 734137856,
      "estimated_cost_usd": 282.3446515,
      "input_cost_usd": 67.2063275,
      "input_tokens": 761020387,
      "output_cost_usd": 31.603859999999997,
      "output_tokens": 2106924,
      "threads": 8
    },
    "dc22_01": {
      "cached_input_cost_usd": 236.162656,
      "cached_input_tokens": 944650624,
      "estimated_cost_usd": 313.671221,
      "input_cost_usd": 52.593895,
      "input_tokens": 965688182,
      "output_cost_usd": 24.91467,
      "output_tokens": 1660978,
      "threads": 2
    },
    "dc22_02": {
      "cached_input_cost_usd": 192.075648,
      "cached_input_tokens": 768302592,
      "estimated_cost_usd": 274.624883,
      "input_cost_usd": 51.244415,
      "input_tokens": 788800358,
      "output_cost_usd": 31.30482,
      "output_tokens": 2086988,
      "threads": 6
    },
    "g50t_01": {
      "cached_input_cost_usd": 26.250432,
      "cached_input_tokens": 105001728,
      "estimated_cost_usd": 37.0660795,
      "input_cost_usd": 6.8376925,
      "input_tokens": 107736805,
      "output_cost_usd": 3.977955,
      "output_tokens": 265197,
      "threads": 1
    },
    "ka59_01": {
      "cached_input_cost_usd": 28.0416,
      "cached_input_tokens": 112166400,
      "estimated_cost_usd": 42.984805,
      "input_cost_usd": 8.38063,
      "input_tokens": 115518652,
      "output_cost_usd": 6.562575,
      "output_tokens": 437505,
      "threads": 2
    },
    "lf52_01": {
      "cached_input_cost_usd": 191.728448,
      "cached_input_tokens": 766913792,
      "estimated_cost_usd": 248.1299755,
      "input_cost_usd": 39.3630425,
      "input_tokens": 782659009,
      "output_cost_usd": 17.038485,
      "output_tokens": 1135899,
      "threads": 1
    },
    "ls20_01": {
      "cached_input_cost_usd": 274.139936,
      "cached_input_tokens": 1096559744,
      "estimated_cost_usd": 374.5340685,
      "input_cost_usd": 58.499972500000005,
      "input_tokens": 1119959733,
      "output_cost_usd": 41.89416,
      "output_tokens": 2792944,
      "threads": 9
    },
    "re86_01": {
      "cached_input_cost_usd": 309.975424,
      "cached_input_tokens": 1239901696,
      "estimated_cost_usd": 419.85970899999995,
      "input_cost_usd": 63.10133999999999,
      "input_tokens": 1265142232,
      "output_cost_usd": 46.782945000000005,
      "output_tokens": 3118863,
      "threads": 5
    },
    "s5i5_01": {
      "cached_input_cost_usd": 285.59264,
      "cached_input_tokens": 1142370560,
      "estimated_cost_usd": 395.2001925,
      "input_cost_usd": 62.5872775,
      "input_tokens": 1167405471,
      "output_cost_usd": 47.020275000000005,
      "output_tokens": 3134685,
      "threads": 7
    },
    "sc25_01": {
      "cached_input_cost_usd": 65.425536,
      "cached_input_tokens": 261702144,
      "estimated_cost_usd": 97.33884599999999,
      "input_cost_usd": 18.185670000000002,
      "input_tokens": 268976412,
      "output_cost_usd": 13.72764,
      "output_tokens": 915176,
      "threads": 4
    },
    "sp80_01": {
      "cached_input_cost_usd": 56.99744,
      "cached_input_tokens": 227989760,
      "estimated_cost_usd": 86.81176500000001,
      "input_cost_usd": 16.515055,
      "input_tokens": 234595782,
      "output_cost_usd": 13.29927,
      "output_tokens": 886618,
      "threads": 2
    }
  },
  "pricing_usd_per_1m_tokens": {
    "cached_input": 0.25,
    "input": 2.5,
    "output": 15.0
  },
  "totals": {
    "cached_input_cost_usd": 2048.0912,
    "cached_input_tokens": 8192364800,
    "estimated_cost_usd": 2831.1827225,
    "games": 12,
    "input_cost_usd": 483.8472075,
    "input_tokens": 8385903683,
    "output_cost_usd": 299.24431500000003,
    "output_tokens": 19949621,
    "threads": 50
  }
}
