{
  "games": {
    "ar25_01": {
      "cached_input_cost_usd": 55.800992,
      "cached_input_tokens": 223203968,
      "estimated_cost_usd": 76.8323695,
      "input_cost_usd": 13.0868375,
      "input_tokens": 228438703,
      "output_cost_usd": 7.94454,
      "output_tokens": 529636,
      "threads": 1
    },
    "bp35_01": {
      "cached_input_cost_usd": 250.33904,
      "cached_input_tokens": 1001356160,
      "estimated_cost_usd": 343.4016125,
      "input_cost_usd": 65.80125749999999,
      "input_tokens": 1027676663,
      "output_cost_usd": 27.261315,
      "output_tokens": 1817421,
      "threads": 7
    },
    "cd82_01": {
      "cached_input_cost_usd": 79.117664,
      "cached_input_tokens": 316470656,
      "estimated_cost_usd": 104.680569,
      "input_cost_usd": 16.17892,
      "input_tokens": 322942224,
      "output_cost_usd": 9.383985000000001,
      "output_tokens": 625599,
      "threads": 1
    },
    "ft09_01": {
      "cached_input_cost_usd": 45.520864,
      "cached_input_tokens": 182083456,
      "estimated_cost_usd": 68.37909900000001,
      "input_cost_usd": 10.692725000000001,
      "input_tokens": 186360546,
      "output_cost_usd": 12.165510000000001,
      "output_tokens": 811034,
      "threads": 3
    },
    "ka59_02": {
      "cached_input_cost_usd": 170.762688,
      "cached_input_tokens": 683050752,
      "estimated_cost_usd": 243.81404550000002,
      "input_cost_usd": 43.4933625,
      "input_tokens": 700448097,
      "output_cost_usd": 29.557995000000002,
      "output_tokens": 1970533,
      "threads": 8
    },
    "lp85_01": {
      "cached_input_cost_usd": 37.402592,
      "cached_input_tokens": 149610368,
      "estimated_cost_usd": 52.925882,
      "input_cost_usd": 9.1077,
      "input_tokens": 153253448,
      "output_cost_usd": 6.41559,
      "output_tokens": 427706,
      "threads": 1
    }
  },
  "pricing_usd_per_1m_tokens": {
    "cached_input": 0.25,
    "input": 2.5,
    "output": 15.0
  },
  "totals": {
    "cached_input_cost_usd": 638.94384,
    "cached_input_tokens": 2555775360,
    "estimated_cost_usd": 890.0335775000001,
    "games": 6,
    "input_cost_usd": 158.3608025,
    "input_tokens": 2619119681,
    "output_cost_usd": 92.728935,
    "output_tokens": 6181929,
    "threads": 21
  }
}
