{
  "games": {
    "ar25_01": {
      "cached_input_cost_usd": 55.800992,
      "cached_input_tokens": 223203968,
      "estimated_cost_usd": 76.8323695,
      "input_cost_usd": 13.0868375,
      "input_tokens": 228438703,
      "output_cost_usd": 7.94454,
      "output_tokens": 529636,
      "threads": 1
    },
    "bp35_01": {
      "cached_input_cost_usd": 250.33904,
      "cached_input_tokens": 1001356160,
      "estimated_cost_usd": 343.4016125,
      "input_cost_usd": 65.80125749999999,
      "input_tokens": 1027676663,
      "output_cost_usd": 27.261315,
      "output_tokens": 1817421,
      "threads": 7
    },
    "cd82_01": {
      "cached_input_cost_usd": 79.117664,
      "cached_input_tokens": 316470656,
      "estimated_cost_usd": 104.680569,
      "input_cost_usd": 16.17892,
      "input_tokens": 322942224,
      "output_cost_usd": 9.383985000000001,
      "output_tokens": 625599,
      "threads": 1
    },
    "ft09_01": {
      "cached_input_cost_usd": 45.520864,
      "cached_input_tokens": 182083456,
      "estimated_cost_usd": 68.37909900000001,
      "input_cost_usd": 10.692725000000001,
      "input_tokens": 186360546,
      "output_cost_usd": 12.165510000000001,
      "output_tokens": 811034,
      "threads": 3
    },
    "g50t_03": {
      "cached_input_cost_usd": 200.58448,
      "cached_input_tokens": 802337920,
      "estimated_cost_usd": 288.9683675,
      "input_cost_usd": 53.7722575,
      "input_tokens": 823846823,
      "output_cost_usd": 34.61163,
      "output_tokens": 2307442,
      "threads": 5
    },
    "ka59_02": {
      "cached_input_cost_usd": 170.762688,
      "cached_input_tokens": 683050752,
      "estimated_cost_usd": 243.81404550000002,
      "input_cost_usd": 43.4933625,
      "input_tokens": 700448097,
      "output_cost_usd": 29.557995000000002,
      "output_tokens": 1970533,
      "threads": 8
    },
    "lp85_01": {
      "cached_input_cost_usd": 37.402592,
      "cached_input_tokens": 149610368,
      "estimated_cost_usd": 52.925882,
      "input_cost_usd": 9.1077,
      "input_tokens": 153253448,
      "output_cost_usd": 6.41559,
      "output_tokens": 427706,
      "threads": 1
    },
    "m0r0_01": {
      "cached_input_cost_usd": 99.246784,
      "cached_input_tokens": 396987136,
      "estimated_cost_usd": 143.8820815,
      "input_cost_usd": 28.6003575,
      "input_tokens": 408427279,
      "output_cost_usd": 16.034940000000002,
      "output_tokens": 1068996,
      "threads": 5
    },
    "m0r0_02": {
      "cached_input_cost_usd": 85.99584,
      "cached_input_tokens": 343983360,
      "estimated_cost_usd": 124.451865,
      "input_cost_usd": 22.338735,
      "input_tokens": 352918854,
      "output_cost_usd": 16.11729,
      "output_tokens": 1074486,
      "threads": 5
    },
    "r11l_01": {
      "cached_input_cost_usd": 156.647264,
      "cached_input_tokens": 626589056,
      "estimated_cost_usd": 224.993369,
      "input_cost_usd": 37.09662,
      "input_tokens": 641427704,
      "output_cost_usd": 31.249484999999996,
      "output_tokens": 2083299,
      "threads": 7
    },
    "sb26_01": {
      "cached_input_cost_usd": 21.640288,
      "cached_input_tokens": 86561152,
      "estimated_cost_usd": 34.0752705,
      "input_cost_usd": 7.0939175,
      "input_tokens": 89398719,
      "output_cost_usd": 5.341065,
      "output_tokens": 356071,
      "threads": 1
    },
    "sk48_01": {
      "cached_input_cost_usd": 453.225216,
      "cached_input_tokens": 1812900864,
      "estimated_cost_usd": 620.3272035,
      "input_cost_usd": 101.7066225,
      "input_tokens": 1853583513,
      "output_cost_usd": 65.395365,
      "output_tokens": 4359691,
      "threads": 7
    },
    "su15_01": {
      "cached_input_cost_usd": 266.916192,
      "cached_input_tokens": 1067664768,
      "estimated_cost_usd": 378.1051745,
      "input_cost_usd": 66.9439025,
      "input_tokens": 1094442329,
      "output_cost_usd": 44.24508,
      "output_tokens": 2949672,
      "threads": 7
    },
    "tn36_01": {
      "cached_input_cost_usd": 118.537024,
      "cached_input_tokens": 474148096,
      "estimated_cost_usd": 192.04160149999998,
      "input_cost_usd": 47.7933325,
      "input_tokens": 493265429,
      "output_cost_usd": 25.711245,
      "output_tokens": 1714083,
      "threads": 9
    },
    "tr87_01": {
      "cached_input_cost_usd": 26.498592,
      "cached_input_tokens": 105994368,
      "estimated_cost_usd": 44.486796999999996,
      "input_cost_usd": 9.753745,
      "input_tokens": 109895866,
      "output_cost_usd": 8.23446,
      "output_tokens": 548964,
      "threads": 1
    },
    "tu93_01": {
      "cached_input_cost_usd": 67.796096,
      "cached_input_tokens": 271184384,
      "estimated_cost_usd": 102.51129350000001,
      "input_cost_usd": 21.974692500000003,
      "input_tokens": 279974261,
      "output_cost_usd": 12.740504999999999,
      "output_tokens": 849367,
      "threads": 2
    },
    "vc33_01": {
      "cached_input_cost_usd": 267.626976,
      "cached_input_tokens": 1070507904,
      "estimated_cost_usd": 369.474756,
      "input_cost_usd": 57.446295000000006,
      "input_tokens": 1093486422,
      "output_cost_usd": 44.401485,
      "output_tokens": 2960099,
      "threads": 7
    },
    "wa30_01": {
      "cached_input_cost_usd": 58.81552,
      "cached_input_tokens": 235262080,
      "estimated_cost_usd": 88.177455,
      "input_cost_usd": 16.642235,
      "input_tokens": 241918974,
      "output_cost_usd": 12.7197,
      "output_tokens": 847980,
      "threads": 4
    }
  },
  "pricing_usd_per_1m_tokens": {
    "cached_input": 0.25,
    "input": 2.5,
    "output": 15.0
  },
  "totals": {
    "cached_input_cost_usd": 2462.474112,
    "cached_input_tokens": 9849896448,
    "estimated_cost_usd": 3501.528812,
    "games": 18,
    "input_cost_usd": 629.523515,
    "input_tokens": 10101705854,
    "output_cost_usd": 409.531185,
    "output_tokens": 27302079,
    "threads": 81
  }
}
